[{"a_temp":68,"u_temp":73,"license_key":"8473729196","license_cost":1500},
{"a_temp":12,"u_temp":70,"license_key":"7980946111","license_cost":1100},
{"a_temp":98,"u_temp":44,"license_key":"6722638227","license_cost":900},
{"a_temp":11,"u_temp":57,"license_key":"6647310320","license_cost":200},
{"a_temp":58,"u_temp":5,"license_key":"7332679566","license_cost":700},
{"a_temp":30,"u_temp":59,"license_key":"3158608553","license_cost":100},
{"a_temp":94,"u_temp":85,"license_key":"3348317908","license_cost":300},
{"a_temp":4,"u_temp":79,"license_key":"8871615360","license_cost":1600},
{"a_temp":72,"u_temp":99,"license_key":"6817931185","license_cost":1800},
{"a_temp":25,"u_temp":98,"license_key":"6850810979","license_cost":1200},
{"a_temp":93,"u_temp":63,"license_key":"3929697572","license_cost":1800},
{"a_temp":84,"u_temp":59,"license_key":"3172227138","license_cost":300},
{"a_temp":82,"u_temp":34,"license_key":"2452750328","license_cost":500},
{"a_temp":8,"u_temp":98,"license_key":"4248972921","license_cost":1900},
{"a_temp":68,"u_temp":94,"license_key":"1723985341","license_cost":1200},
{"a_temp":46,"u_temp":5,"license_key":"8928444535","license_cost":900},
{"a_temp":64,"u_temp":68,"license_key":"3884160672","license_cost":1500},
{"a_temp":9,"u_temp":16,"license_key":"6056974731","license_cost":1200},
{"a_temp":39,"u_temp":71,"license_key":"1445017938","license_cost":1900},
{"a_temp":96,"u_temp":42,"license_key":"6075973591","license_cost":400},
{"a_temp":21,"u_temp":92,"license_key":"7192744468","license_cost":2000},
{"a_temp":63,"u_temp":86,"license_key":"5026085687","license_cost":900},
{"a_temp":70,"u_temp":14,"license_key":"3225651818","license_cost":1300},
{"a_temp":60,"u_temp":33,"license_key":"0210417706","license_cost":400},
{"a_temp":21,"u_temp":100,"license_key":"4471809857","license_cost":700},
{"a_temp":9,"u_temp":58,"license_key":"5466865427","license_cost":1400},
{"a_temp":57,"u_temp":79,"license_key":"0830230920","license_cost":900},
{"a_temp":11,"u_temp":31,"license_key":"4295069922","license_cost":600},
{"a_temp":25,"u_temp":46,"license_key":"5432578042","license_cost":1000},
{"a_temp":56,"u_temp":99,"license_key":"8954362133","license_cost":700},
{"a_temp":43,"u_temp":97,"license_key":"7267054749","license_cost":300},
{"a_temp":64,"u_temp":45,"license_key":"5408950956","license_cost":1400},
{"a_temp":93,"u_temp":22,"license_key":"3792439743","license_cost":1500},
{"a_temp":56,"u_temp":95,"license_key":"8105743329","license_cost":100},
{"a_temp":93,"u_temp":51,"license_key":"6686980927","license_cost":1700},
{"a_temp":45,"u_temp":62,"license_key":"8351429406","license_cost":700},
{"a_temp":47,"u_temp":51,"license_key":"7527292695","license_cost":1100},
{"a_temp":36,"u_temp":31,"license_key":"3971878261","license_cost":1000},
{"a_temp":12,"u_temp":43,"license_key":"1308738269","license_cost":1300},
{"a_temp":10,"u_temp":2,"license_key":"8499372856","license_cost":1900},
{"a_temp":21,"u_temp":46,"license_key":"7206499619","license_cost":1200},
{"a_temp":38,"u_temp":69,"license_key":"6421129218","license_cost":1700},
{"a_temp":66,"u_temp":36,"license_key":"2197278592","license_cost":1500},
{"a_temp":3,"u_temp":2,"license_key":"7357507726","license_cost":300},
{"a_temp":43,"u_temp":5,"license_key":"4693928577","license_cost":1000},
{"a_temp":34,"u_temp":1,"license_key":"8386581581","license_cost":300},
{"a_temp":99,"u_temp":59,"license_key":"1978823983","license_cost":700},
{"a_temp":93,"u_temp":85,"license_key":"6767555533","license_cost":900},
{"a_temp":45,"u_temp":89,"license_key":"2290779245","license_cost":1300},
{"a_temp":40,"u_temp":71,"license_key":"8741328418","license_cost":1700},
{"a_temp":24,"u_temp":28,"license_key":"4577759667","license_cost":1700},
{"a_temp":9,"u_temp":83,"license_key":"1341859789","license_cost":900},
{"a_temp":10,"u_temp":7,"license_key":"3928895575","license_cost":800},
{"a_temp":18,"u_temp":6,"license_key":"9520392874","license_cost":800},
{"a_temp":83,"u_temp":74,"license_key":"3112919319","license_cost":1400},
{"a_temp":95,"u_temp":24,"license_key":"4621405306","license_cost":600},
{"a_temp":62,"u_temp":13,"license_key":"3371106934","license_cost":1500},
{"a_temp":34,"u_temp":62,"license_key":"5817743418","license_cost":500},
{"a_temp":35,"u_temp":71,"license_key":"6563837166","license_cost":800},
{"a_temp":26,"u_temp":67,"license_key":"5518098618","license_cost":400},
{"a_temp":51,"u_temp":14,"license_key":"0597513805","license_cost":1600},
{"a_temp":87,"u_temp":74,"license_key":"0315219173","license_cost":200},
{"a_temp":36,"u_temp":47,"license_key":"2297691874","license_cost":1300},
{"a_temp":16,"u_temp":26,"license_key":"2639418173","license_cost":700},
{"a_temp":97,"u_temp":63,"license_key":"1563880334","license_cost":200},
{"a_temp":100,"u_temp":24,"license_key":"8724788538","license_cost":1500},
{"a_temp":35,"u_temp":91,"license_key":"1085406490","license_cost":1800},
{"a_temp":74,"u_temp":88,"license_key":"0436078198","license_cost":700},
{"a_temp":77,"u_temp":63,"license_key":"3814371046","license_cost":500},
{"a_temp":21,"u_temp":54,"license_key":"1140173685","license_cost":400},
{"a_temp":28,"u_temp":69,"license_key":"7831112774","license_cost":900},
{"a_temp":1,"u_temp":36,"license_key":"6664927950","license_cost":200},
{"a_temp":55,"u_temp":73,"license_key":"9529475616","license_cost":800},
{"a_temp":75,"u_temp":17,"license_key":"7395280741","license_cost":600},
{"a_temp":72,"u_temp":48,"license_key":"3948751005","license_cost":1400},
{"a_temp":45,"u_temp":24,"license_key":"0135422884","license_cost":100},
{"a_temp":10,"u_temp":7,"license_key":"2375190904","license_cost":300},
{"a_temp":27,"u_temp":100,"license_key":"6396548402","license_cost":700},
{"a_temp":94,"u_temp":76,"license_key":"2307669272","license_cost":300},
{"a_temp":20,"u_temp":63,"license_key":"9418002345","license_cost":1100},
{"a_temp":6,"u_temp":5,"license_key":"6831225845","license_cost":1300},
{"a_temp":36,"u_temp":7,"license_key":"8848249175","license_cost":1900},
{"a_temp":21,"u_temp":58,"license_key":"7134497666","license_cost":600},
{"a_temp":67,"u_temp":73,"license_key":"2322271470","license_cost":700},
{"a_temp":42,"u_temp":79,"license_key":"1759744433","license_cost":1000},
{"a_temp":66,"u_temp":93,"license_key":"1734723319","license_cost":100},
{"a_temp":67,"u_temp":67,"license_key":"7357631850","license_cost":400},
{"a_temp":73,"u_temp":94,"license_key":"0234224355","license_cost":100},
{"a_temp":92,"u_temp":67,"license_key":"4515935380","license_cost":1000},
{"a_temp":57,"u_temp":23,"license_key":"4718828589","license_cost":1700},
{"a_temp":94,"u_temp":40,"license_key":"0358700329","license_cost":1500},
{"a_temp":70,"u_temp":25,"license_key":"2475333154","license_cost":1000},
{"a_temp":11,"u_temp":25,"license_key":"7831421920","license_cost":400},
{"a_temp":26,"u_temp":71,"license_key":"8849258372","license_cost":900},
{"a_temp":90,"u_temp":54,"license_key":"4745365942","license_cost":1600},
{"a_temp":4,"u_temp":41,"license_key":"7336275184","license_cost":300},
{"a_temp":41,"u_temp":92,"license_key":"5430009067","license_cost":400},
{"a_temp":98,"u_temp":24,"license_key":"1922152056","license_cost":300},
{"a_temp":23,"u_temp":83,"license_key":"8335410429","license_cost":700},
{"a_temp":66,"u_temp":38,"license_key":"6303767966","license_cost":1900}]