[{"id":1,"Name":"Edna","address":"2nd Floor","mobile":"2202604499","user_id":1,"user_rating":null},
{"id":2,"Name":"Andrei","address":"5th Floor","mobile":"8296505908","user_id":2,"user_rating":null},
{"id":3,"Name":"Dru","address":"14th Floor","mobile":"7140463492","user_id":3,"user_rating":null},
{"id":4,"Name":"Bette-ann","address":"6th Floor","mobile":"1167208706","user_id":4,"user_rating":null},
{"id":5,"Name":"Ericka","address":"Room 1967","mobile":"6931020595","user_id":5,"user_rating":null},
{"id":6,"Name":"Norri","address":"PO Box 54766","mobile":"1210376784","user_id":6,"user_rating":null},
{"id":7,"Name":"Rosemonde","address":"19th Floor","mobile":"2267971755","user_id":7,"user_rating":null},
{"id":8,"Name":"Ellerey","address":"Apt 1053","mobile":"3616919207","user_id":8,"user_rating":null},
{"id":9,"Name":"Thornton","address":"PO Box 23047","mobile":"2093743078","user_id":9,"user_rating":null},
{"id":10,"Name":"Duffie","address":"PO Box 56530","mobile":"2427528390","user_id":10,"user_rating":null},
{"id":11,"Name":"Martelle","address":"Apt 1862","mobile":"0877607923","user_id":11,"user_rating":null},
{"id":12,"Name":"Tanner","address":"Suite 50","mobile":"0698352475","user_id":12,"user_rating":null},
{"id":13,"Name":"Lynn","address":"Apt 587","mobile":"7078969863","user_id":13,"user_rating":null},
{"id":14,"Name":"Dredi","address":"PO Box 39447","mobile":"6156480250","user_id":14,"user_rating":null},
{"id":15,"Name":"Madelin","address":"15th Floor","mobile":"1344618073","user_id":15,"user_rating":null},
{"id":16,"Name":"Henrietta","address":"7th Floor","mobile":"5760062018","user_id":16,"user_rating":null},
{"id":17,"Name":"Thornton","address":"7th Floor","mobile":"8809807189","user_id":17,"user_rating":null},
{"id":18,"Name":"Sean","address":"Suite 32","mobile":"1741123097","user_id":18,"user_rating":null},
{"id":19,"Name":"Gardiner","address":"Apt 229","mobile":"6682114664","user_id":19,"user_rating":null},
{"id":20,"Name":"Evangelina","address":"PO Box 3090","mobile":"5655817365","user_id":20,"user_rating":null},
{"id":21,"Name":"Ermentrude","address":"9th Floor","mobile":"5908916048","user_id":21,"user_rating":null},
{"id":22,"Name":"Tabor","address":"Apt 726","mobile":"7926388823","user_id":22,"user_rating":null},
{"id":23,"Name":"Malory","address":"7th Floor","mobile":"4199478507","user_id":23,"user_rating":null},
{"id":24,"Name":"Giralda","address":"Suite 22","mobile":"3530075256","user_id":24,"user_rating":null},
{"id":25,"Name":"Levey","address":"PO Box 10744","mobile":"1450115845","user_id":25,"user_rating":null},
{"id":26,"Name":"Woodman","address":"Suite 7","mobile":"5486867263","user_id":26,"user_rating":null},
{"id":27,"Name":"Asia","address":"PO Box 62721","mobile":"2737266467","user_id":27,"user_rating":null},
{"id":28,"Name":"Koenraad","address":"Suite 79","mobile":"7107604783","user_id":28,"user_rating":null},
{"id":29,"Name":"Darelle","address":"Suite 33","mobile":"9471686091","user_id":29,"user_rating":null},
{"id":30,"Name":"Scotty","address":"Apt 661","mobile":"0566858037","user_id":30,"user_rating":null},
{"id":31,"Name":"Kassey","address":"Suite 18","mobile":"4337748652","user_id":31,"user_rating":null},
{"id":32,"Name":"Ambros","address":"PO Box 98479","mobile":"5755566496","user_id":32,"user_rating":null},
{"id":33,"Name":"Myrle","address":"Suite 25","mobile":"9903039743","user_id":33,"user_rating":null},
{"id":34,"Name":"Rosie","address":"Room 1571","mobile":"3388548013","user_id":34,"user_rating":null},
{"id":35,"Name":"Shawna","address":"Suite 45","mobile":"7438195775","user_id":35,"user_rating":null},
{"id":36,"Name":"Bryan","address":"15th Floor","mobile":"3494000794","user_id":36,"user_rating":null},
{"id":37,"Name":"Abigail","address":"Room 1564","mobile":"2451105925","user_id":37,"user_rating":null},
{"id":38,"Name":"Sisely","address":"PO Box 9847","mobile":"0511082223","user_id":38,"user_rating":null},
{"id":39,"Name":"Paddy","address":"PO Box 89155","mobile":"6857966427","user_id":39,"user_rating":null},
{"id":40,"Name":"Garold","address":"Room 372","mobile":"4210200980","user_id":40,"user_rating":null},
{"id":41,"Name":"Jody","address":"PO Box 77294","mobile":"6692983193","user_id":41,"user_rating":null},
{"id":42,"Name":"Salvidor","address":"Suite 54","mobile":"3498929054","user_id":42,"user_rating":null},
{"id":43,"Name":"Forest","address":"Apt 1995","mobile":"4025708086","user_id":43,"user_rating":null},
{"id":44,"Name":"Theadora","address":"14th Floor","mobile":"2485533296","user_id":44,"user_rating":null},
{"id":45,"Name":"Ramonda","address":"PO Box 47300","mobile":"3752937475","user_id":45,"user_rating":null},
{"id":46,"Name":"Tamar","address":"Suite 91","mobile":"1816460575","user_id":46,"user_rating":null},
{"id":47,"Name":"Lucias","address":"18th Floor","mobile":"6712821053","user_id":47,"user_rating":null},
{"id":48,"Name":"Shannon","address":"14th Floor","mobile":"5667375133","user_id":48,"user_rating":null},
{"id":49,"Name":"Johnette","address":"Apt 1844","mobile":"6007994775","user_id":49,"user_rating":null},
{"id":50,"Name":"Baron","address":"Suite 74","mobile":"8098376877","user_id":50,"user_rating":null},
{"id":51,"Name":"Blair","address":"4th Floor","mobile":"6712801214","user_id":51,"user_rating":null},
{"id":52,"Name":"Eleen","address":"Suite 33","mobile":"2299068562","user_id":52,"user_rating":null},
{"id":53,"Name":"Lilyan","address":"Suite 22","mobile":"3291980190","user_id":53,"user_rating":null},
{"id":54,"Name":"Currie","address":"Apt 855","mobile":"7346765168","user_id":54,"user_rating":null},
{"id":55,"Name":"Cris","address":"16th Floor","mobile":"9125219138","user_id":55,"user_rating":null},
{"id":56,"Name":"Kathrine","address":"PO Box 15656","mobile":"6290522094","user_id":56,"user_rating":null},
{"id":57,"Name":"Port","address":"PO Box 68436","mobile":"1810716772","user_id":57,"user_rating":null},
{"id":58,"Name":"Herbert","address":"PO Box 29471","mobile":"2321022485","user_id":58,"user_rating":null},
{"id":59,"Name":"Lindsay","address":"Room 701","mobile":"6118072310","user_id":59,"user_rating":null},
{"id":60,"Name":"Errick","address":"Apt 1057","mobile":"8225143094","user_id":60,"user_rating":null},
{"id":61,"Name":"Arline","address":"Room 1958","mobile":"2854068262","user_id":61,"user_rating":null},
{"id":62,"Name":"Emmalyn","address":"PO Box 96879","mobile":"0805829865","user_id":62,"user_rating":null},
{"id":63,"Name":"Shamus","address":"PO Box 15990","mobile":"6519651974","user_id":63,"user_rating":null},
{"id":64,"Name":"Emmey","address":"Apt 1118","mobile":"2503280250","user_id":64,"user_rating":null},
{"id":65,"Name":"Mitzi","address":"Apt 1304","mobile":"1304271080","user_id":65,"user_rating":null},
{"id":66,"Name":"Dorotea","address":"16th Floor","mobile":"6912550053","user_id":66,"user_rating":null},
{"id":67,"Name":"Hi","address":"Apt 1680","mobile":"5046480298","user_id":67,"user_rating":null},
{"id":68,"Name":"Nancee","address":"14th Floor","mobile":"3532617390","user_id":68,"user_rating":null},
{"id":69,"Name":"Meggy","address":"Suite 83","mobile":"7848585697","user_id":69,"user_rating":null},
{"id":70,"Name":"Conchita","address":"Suite 6","mobile":"6637181242","user_id":70,"user_rating":null},
{"id":71,"Name":"Prinz","address":"PO Box 33265","mobile":"8214283841","user_id":71,"user_rating":null},
{"id":72,"Name":"Prisca","address":"PO Box 25487","mobile":"2270242920","user_id":72,"user_rating":null},
{"id":73,"Name":"Bernadene","address":"Room 1705","mobile":"8577514315","user_id":73,"user_rating":null},
{"id":74,"Name":"Suzanna","address":"PO Box 32569","mobile":"8553352226","user_id":74,"user_rating":null},
{"id":75,"Name":"Freddie","address":"3rd Floor","mobile":"8296679469","user_id":75,"user_rating":null},
{"id":76,"Name":"Clemente","address":"PO Box 46633","mobile":"9725907558","user_id":76,"user_rating":null},
{"id":77,"Name":"Jacques","address":"Suite 68","mobile":"8223350734","user_id":77,"user_rating":null},
{"id":78,"Name":"Elsy","address":"PO Box 79260","mobile":"3141653259","user_id":78,"user_rating":null},
{"id":79,"Name":"Lew","address":"Suite 58","mobile":"3955525961","user_id":79,"user_rating":null},
{"id":80,"Name":"Marcellina","address":"Room 459","mobile":"5803792306","user_id":80,"user_rating":null},
{"id":81,"Name":"Kitty","address":"Apt 495","mobile":"3429290376","user_id":81,"user_rating":null},
{"id":82,"Name":"Verge","address":"Apt 1343","mobile":"0206924291","user_id":82,"user_rating":null},
{"id":83,"Name":"Mohammed","address":"Suite 13","mobile":"7040482835","user_id":83,"user_rating":null},
{"id":84,"Name":"Kip","address":"Suite 69","mobile":"7596785425","user_id":84,"user_rating":null},
{"id":85,"Name":"Georgia","address":"14th Floor","mobile":"1548508241","user_id":85,"user_rating":null},
{"id":86,"Name":"Corabel","address":"PO Box 73732","mobile":"7959104891","user_id":86,"user_rating":null},
{"id":87,"Name":"Lynne","address":"Suite 13","mobile":"5981870516","user_id":87,"user_rating":null},
{"id":88,"Name":"Ursa","address":"8th Floor","mobile":"6909039335","user_id":88,"user_rating":null},
{"id":89,"Name":"Leroy","address":"PO Box 25931","mobile":"7434030518","user_id":89,"user_rating":null},
{"id":90,"Name":"Crystie","address":"Suite 92","mobile":"4835449851","user_id":90,"user_rating":null},
{"id":91,"Name":"Heather","address":"Room 1038","mobile":"4990865677","user_id":91,"user_rating":null},
{"id":92,"Name":"Robinet","address":"18th Floor","mobile":"5151397915","user_id":92,"user_rating":null},
{"id":93,"Name":"Rickey","address":"Apt 1674","mobile":"6777832459","user_id":93,"user_rating":null},
{"id":94,"Name":"Dawna","address":"Room 531","mobile":"8427157096","user_id":94,"user_rating":null},
{"id":95,"Name":"Gwenore","address":"Apt 1083","mobile":"0604852398","user_id":95,"user_rating":null},
{"id":96,"Name":"Sinclair","address":"Suite 15","mobile":"5707388990","user_id":96,"user_rating":null},
{"id":97,"Name":"Erie","address":"Suite 94","mobile":"5584440965","user_id":97,"user_rating":null},
{"id":98,"Name":"Valentin","address":"17th Floor","mobile":"6994465233","user_id":98,"user_rating":null},
{"id":99,"Name":"Lucia","address":"PO Box 79578","mobile":"2219821129","user_id":99,"user_rating":null},
{"id":100,"Name":"Warren","address":"PO Box 56921","mobile":"7168364812","user_id":100,"user_rating":null},
{"id":101,"Name":"Elvera","address":"Room 1150","mobile":"8220892188","user_id":101,"user_rating":null},
{"id":102,"Name":"Scarlett","address":"Room 1004","mobile":"4069951229","user_id":102,"user_rating":null},
{"id":103,"Name":"Jacobo","address":"Apt 1122","mobile":"5221337126","user_id":103,"user_rating":null},
{"id":104,"Name":"Val","address":"Apt 1094","mobile":"0703269690","user_id":104,"user_rating":null},
{"id":105,"Name":"Benedict","address":"PO Box 82643","mobile":"3943256693","user_id":105,"user_rating":null},
{"id":106,"Name":"Ruth","address":"Room 1138","mobile":"9048413710","user_id":106,"user_rating":null},
{"id":107,"Name":"Phylys","address":"PO Box 39018","mobile":"1286230888","user_id":107,"user_rating":null},
{"id":108,"Name":"Linnie","address":"Suite 41","mobile":"4304790501","user_id":108,"user_rating":null},
{"id":109,"Name":"Mallorie","address":"Apt 1145","mobile":"3939253049","user_id":109,"user_rating":null},
{"id":110,"Name":"Ricki","address":"Room 1033","mobile":"9853252074","user_id":110,"user_rating":null},
{"id":111,"Name":"Mildrid","address":"14th Floor","mobile":"2077778903","user_id":111,"user_rating":null},
{"id":112,"Name":"Benedicta","address":"1st Floor","mobile":"4787818848","user_id":112,"user_rating":null},
{"id":113,"Name":"Wini","address":"Apt 534","mobile":"4513211326","user_id":113,"user_rating":null},
{"id":114,"Name":"Rosemary","address":"PO Box 24564","mobile":"3808191562","user_id":114,"user_rating":null},
{"id":115,"Name":"Preston","address":"Room 465","mobile":"8580820340","user_id":115,"user_rating":null},
{"id":116,"Name":"Bendix","address":"Suite 82","mobile":"3633305343","user_id":116,"user_rating":null},
{"id":117,"Name":"Giorgia","address":"13th Floor","mobile":"0651562643","user_id":117,"user_rating":null},
{"id":118,"Name":"Georgi","address":"PO Box 71767","mobile":"1272617580","user_id":118,"user_rating":null},
{"id":119,"Name":"Christina","address":"Apt 1451","mobile":"0299536238","user_id":119,"user_rating":null},
{"id":120,"Name":"Jodie","address":"Room 1178","mobile":"9277464550","user_id":120,"user_rating":null},
{"id":121,"Name":"Ced","address":"Apt 879","mobile":"8138663545","user_id":121,"user_rating":null},
{"id":122,"Name":"Donica","address":"Room 10","mobile":"5457702057","user_id":122,"user_rating":null},
{"id":123,"Name":"Frederik","address":"10th Floor","mobile":"5540702107","user_id":123,"user_rating":null},
{"id":124,"Name":"Jason","address":"Suite 86","mobile":"3115810768","user_id":124,"user_rating":null},
{"id":125,"Name":"Collin","address":"Apt 1583","mobile":"4836672341","user_id":125,"user_rating":null},
{"id":126,"Name":"Neda","address":"Apt 1588","mobile":"9452988444","user_id":126,"user_rating":null},
{"id":127,"Name":"Jeremie","address":"PO Box 44336","mobile":"6284426445","user_id":127,"user_rating":null},
{"id":128,"Name":"Angelica","address":"Suite 16","mobile":"8186316957","user_id":128,"user_rating":null},
{"id":129,"Name":"Tracy","address":"Room 1722","mobile":"9132151292","user_id":129,"user_rating":null},
{"id":130,"Name":"Faber","address":"Suite 30","mobile":"8494027042","user_id":130,"user_rating":null},
{"id":131,"Name":"Randa","address":"Room 793","mobile":"9473523599","user_id":131,"user_rating":null},
{"id":132,"Name":"Tabbie","address":"PO Box 26055","mobile":"1142813134","user_id":132,"user_rating":null},
{"id":133,"Name":"Jean","address":"Suite 74","mobile":"3486351338","user_id":133,"user_rating":null},
{"id":134,"Name":"Bethanne","address":"Apt 685","mobile":"2388876192","user_id":134,"user_rating":null},
{"id":135,"Name":"Stanley","address":"Apt 7","mobile":"4025693496","user_id":135,"user_rating":null},
{"id":136,"Name":"Gabie","address":"Suite 31","mobile":"6464841742","user_id":136,"user_rating":null},
{"id":137,"Name":"Isa","address":"Apt 1559","mobile":"2279754932","user_id":137,"user_rating":null},
{"id":138,"Name":"Danita","address":"Apt 203","mobile":"9390337356","user_id":138,"user_rating":null},
{"id":139,"Name":"Harri","address":"Suite 46","mobile":"0444098062","user_id":139,"user_rating":null},
{"id":140,"Name":"Bram","address":"Room 486","mobile":"9695833640","user_id":140,"user_rating":null},
{"id":141,"Name":"George","address":"Apt 1534","mobile":"6529405747","user_id":141,"user_rating":null},
{"id":142,"Name":"Tadd","address":"PO Box 52936","mobile":"1157261000","user_id":142,"user_rating":null},
{"id":143,"Name":"Albie","address":"8th Floor","mobile":"2803619156","user_id":143,"user_rating":null},
{"id":144,"Name":"Bryant","address":"16th Floor","mobile":"9082683407","user_id":144,"user_rating":null},
{"id":145,"Name":"Early","address":"Apt 620","mobile":"9601332731","user_id":145,"user_rating":null},
{"id":146,"Name":"Helge","address":"Apt 908","mobile":"9747527596","user_id":146,"user_rating":null},
{"id":147,"Name":"Corena","address":"Room 1241","mobile":"5930222517","user_id":147,"user_rating":null},
{"id":148,"Name":"Chase","address":"PO Box 52585","mobile":"2463140526","user_id":148,"user_rating":null},
{"id":149,"Name":"Mead","address":"Apt 313","mobile":"7183498123","user_id":149,"user_rating":null},
{"id":150,"Name":"Richmond","address":"Room 1747","mobile":"9956529435","user_id":150,"user_rating":null},
{"id":151,"Name":"Natka","address":"5th Floor","mobile":"5745766360","user_id":151,"user_rating":null},
{"id":152,"Name":"Kingsly","address":"11th Floor","mobile":"7056717454","user_id":152,"user_rating":null},
{"id":153,"Name":"Gallard","address":"PO Box 65396","mobile":"5979604510","user_id":153,"user_rating":null},
{"id":154,"Name":"Cameron","address":"PO Box 16678","mobile":"5172369562","user_id":154,"user_rating":null},
{"id":155,"Name":"Leoine","address":"5th Floor","mobile":"5659004180","user_id":155,"user_rating":null},
{"id":156,"Name":"Wilt","address":"Room 1881","mobile":"1423914007","user_id":156,"user_rating":null},
{"id":157,"Name":"Powell","address":"Apt 1853","mobile":"2579054162","user_id":157,"user_rating":null},
{"id":158,"Name":"Elton","address":"PO Box 99724","mobile":"1729618057","user_id":158,"user_rating":null},
{"id":159,"Name":"Anna-diane","address":"11th Floor","mobile":"7610746088","user_id":159,"user_rating":null},
{"id":160,"Name":"Chas","address":"PO Box 98521","mobile":"3133399012","user_id":160,"user_rating":null},
{"id":161,"Name":"Nikolaus","address":"Apt 756","mobile":"0799240737","user_id":161,"user_rating":null},
{"id":162,"Name":"Kelvin","address":"Suite 25","mobile":"4653971382","user_id":162,"user_rating":null},
{"id":163,"Name":"Cassondra","address":"Apt 1104","mobile":"7395795083","user_id":163,"user_rating":null},
{"id":164,"Name":"Joellyn","address":"PO Box 32527","mobile":"1098137302","user_id":164,"user_rating":null},
{"id":165,"Name":"Mira","address":"Suite 1","mobile":"8102956674","user_id":165,"user_rating":null},
{"id":166,"Name":"Dominga","address":"Suite 3","mobile":"7785173915","user_id":166,"user_rating":null},
{"id":167,"Name":"Ryan","address":"Apt 127","mobile":"9173857203","user_id":167,"user_rating":null},
{"id":168,"Name":"Gypsy","address":"Suite 87","mobile":"0209807822","user_id":168,"user_rating":null},
{"id":169,"Name":"Torrence","address":"19th Floor","mobile":"1653844388","user_id":169,"user_rating":null},
{"id":170,"Name":"Kaspar","address":"Suite 24","mobile":"6649844128","user_id":170,"user_rating":null},
{"id":171,"Name":"Caitrin","address":"20th Floor","mobile":"2659504768","user_id":171,"user_rating":null},
{"id":172,"Name":"Wittie","address":"Room 975","mobile":"2499973048","user_id":172,"user_rating":null},
{"id":173,"Name":"Raina","address":"8th Floor","mobile":"3893072497","user_id":173,"user_rating":null},
{"id":174,"Name":"Andee","address":"Apt 1434","mobile":"2546533940","user_id":174,"user_rating":null},
{"id":175,"Name":"Hestia","address":"Room 614","mobile":"8044260749","user_id":175,"user_rating":null},
{"id":176,"Name":"Kacy","address":"6th Floor","mobile":"2478340283","user_id":176,"user_rating":null},
{"id":177,"Name":"Ezri","address":"PO Box 89291","mobile":"3652193512","user_id":177,"user_rating":null},
{"id":178,"Name":"Esta","address":"2nd Floor","mobile":"4514324973","user_id":178,"user_rating":null},
{"id":179,"Name":"Harwilll","address":"PO Box 26671","mobile":"1701410834","user_id":179,"user_rating":null},
{"id":180,"Name":"Abner","address":"Suite 6","mobile":"2413687319","user_id":180,"user_rating":null},
{"id":181,"Name":"Clywd","address":"11th Floor","mobile":"7718250210","user_id":181,"user_rating":null},
{"id":182,"Name":"Quinton","address":"PO Box 3547","mobile":"3041586533","user_id":182,"user_rating":null},
{"id":183,"Name":"Kettie","address":"1st Floor","mobile":"1032288663","user_id":183,"user_rating":null},
{"id":184,"Name":"Loraine","address":"4th Floor","mobile":"2631869001","user_id":184,"user_rating":null},
{"id":185,"Name":"Oralle","address":"Suite 100","mobile":"0523481098","user_id":185,"user_rating":null},
{"id":186,"Name":"Mendy","address":"Apt 1579","mobile":"6727102856","user_id":186,"user_rating":null},
{"id":187,"Name":"Tobias","address":"Suite 61","mobile":"1898943613","user_id":187,"user_rating":null},
{"id":188,"Name":"Letta","address":"Apt 1824","mobile":"3487022354","user_id":188,"user_rating":null},
{"id":189,"Name":"Fanny","address":"Apt 483","mobile":"0991428137","user_id":189,"user_rating":null},
{"id":190,"Name":"Hobie","address":"12th Floor","mobile":"1805863754","user_id":190,"user_rating":null},
{"id":191,"Name":"Josephina","address":"Suite 66","mobile":"5602229027","user_id":191,"user_rating":null},
{"id":192,"Name":"Damon","address":"18th Floor","mobile":"3323747984","user_id":192,"user_rating":null},
{"id":193,"Name":"Rees","address":"13th Floor","mobile":"0566230046","user_id":193,"user_rating":null},
{"id":194,"Name":"Maddi","address":"Apt 782","mobile":"1707681244","user_id":194,"user_rating":null},
{"id":195,"Name":"Elisabetta","address":"17th Floor","mobile":"7320078945","user_id":195,"user_rating":null},
{"id":196,"Name":"Arman","address":"Suite 46","mobile":"1309448124","user_id":196,"user_rating":null},
{"id":197,"Name":"Sheridan","address":"2nd Floor","mobile":"2255911302","user_id":197,"user_rating":null},
{"id":198,"Name":"Rowe","address":"Apt 1401","mobile":"1543580165","user_id":198,"user_rating":null},
{"id":199,"Name":"Benjy","address":"17th Floor","mobile":"1015779654","user_id":199,"user_rating":null},
{"id":200,"Name":"Natal","address":"9th Floor","mobile":"3145150898","user_id":200,"user_rating":null},
{"id":201,"Name":"Kayle","address":"Apt 1935","mobile":"7405179479","user_id":201,"user_rating":null},
{"id":202,"Name":"Thor","address":"PO Box 6926","mobile":"2909269736","user_id":202,"user_rating":null},
{"id":203,"Name":"Felicia","address":"Suite 87","mobile":"0831483598","user_id":203,"user_rating":null},
{"id":204,"Name":"Larina","address":"PO Box 27720","mobile":"4681738182","user_id":204,"user_rating":null},
{"id":205,"Name":"Celesta","address":"PO Box 68892","mobile":"8603627371","user_id":205,"user_rating":null},
{"id":206,"Name":"Mela","address":"Room 45","mobile":"6451577502","user_id":206,"user_rating":null},
{"id":207,"Name":"Tristan","address":"PO Box 82217","mobile":"9609724051","user_id":207,"user_rating":null},
{"id":208,"Name":"Myrvyn","address":"PO Box 38596","mobile":"4665146772","user_id":208,"user_rating":null},
{"id":209,"Name":"Myer","address":"Apt 1440","mobile":"0226264386","user_id":209,"user_rating":null},
{"id":210,"Name":"Ania","address":"Suite 65","mobile":"8475257704","user_id":210,"user_rating":null},
{"id":211,"Name":"Malvin","address":"Suite 67","mobile":"2337510832","user_id":211,"user_rating":null},
{"id":212,"Name":"George","address":"PO Box 94562","mobile":"2893002595","user_id":212,"user_rating":null},
{"id":213,"Name":"Alexi","address":"Room 411","mobile":"5283008533","user_id":213,"user_rating":null},
{"id":214,"Name":"Jennette","address":"PO Box 54686","mobile":"1037512421","user_id":214,"user_rating":null},
{"id":215,"Name":"William","address":"Apt 1467","mobile":"9119414714","user_id":215,"user_rating":null},
{"id":216,"Name":"Candida","address":"Apt 1023","mobile":"0014052067","user_id":216,"user_rating":null},
{"id":217,"Name":"Maria","address":"Apt 1177","mobile":"3414094126","user_id":217,"user_rating":null},
{"id":218,"Name":"Erhard","address":"20th Floor","mobile":"2316758797","user_id":218,"user_rating":null},
{"id":219,"Name":"Enid","address":"Room 733","mobile":"8987352374","user_id":219,"user_rating":null},
{"id":220,"Name":"Chere","address":"Apt 1903","mobile":"9483422493","user_id":220,"user_rating":null},
{"id":221,"Name":"Godiva","address":"Room 1374","mobile":"1198598174","user_id":221,"user_rating":null},
{"id":222,"Name":"Ree","address":"Apt 609","mobile":"2686664789","user_id":222,"user_rating":null},
{"id":223,"Name":"Ruprecht","address":"PO Box 98385","mobile":"1156429625","user_id":223,"user_rating":null},
{"id":224,"Name":"Tabbi","address":"PO Box 98348","mobile":"0480448922","user_id":224,"user_rating":null},
{"id":225,"Name":"Konrad","address":"Apt 1571","mobile":"7720533534","user_id":225,"user_rating":null},
{"id":226,"Name":"Had","address":"Apt 290","mobile":"0585335354","user_id":226,"user_rating":null},
{"id":227,"Name":"Christoforo","address":"Suite 46","mobile":"8158157807","user_id":227,"user_rating":null},
{"id":228,"Name":"Jacquette","address":"16th Floor","mobile":"8907445818","user_id":228,"user_rating":null},
{"id":229,"Name":"Beilul","address":"Apt 514","mobile":"5483989945","user_id":229,"user_rating":null},
{"id":230,"Name":"Holt","address":"17th Floor","mobile":"5228641238","user_id":230,"user_rating":null},
{"id":231,"Name":"Vinni","address":"Suite 80","mobile":"0745046819","user_id":231,"user_rating":null},
{"id":232,"Name":"Micah","address":"Room 1649","mobile":"0768789206","user_id":232,"user_rating":null},
{"id":233,"Name":"Sherrie","address":"PO Box 33138","mobile":"3589130679","user_id":233,"user_rating":null},
{"id":234,"Name":"Waneta","address":"Room 1578","mobile":"4963125323","user_id":234,"user_rating":null},
{"id":235,"Name":"Terrye","address":"PO Box 81753","mobile":"0189248912","user_id":235,"user_rating":null},
{"id":236,"Name":"Amalee","address":"9th Floor","mobile":"0483200697","user_id":236,"user_rating":null},
{"id":237,"Name":"Pier","address":"Apt 549","mobile":"4191449753","user_id":237,"user_rating":null},
{"id":238,"Name":"Augusto","address":"PO Box 79381","mobile":"1004249160","user_id":238,"user_rating":null},
{"id":239,"Name":"Willetta","address":"Room 1148","mobile":"3407920415","user_id":239,"user_rating":null},
{"id":240,"Name":"Jenifer","address":"Room 1133","mobile":"7360881765","user_id":240,"user_rating":null},
{"id":241,"Name":"Tristan","address":"Room 532","mobile":"8146744737","user_id":241,"user_rating":null},
{"id":242,"Name":"Alwyn","address":"Suite 89","mobile":"7357242269","user_id":242,"user_rating":null},
{"id":243,"Name":"Gaylor","address":"PO Box 38799","mobile":"3887242580","user_id":243,"user_rating":null},
{"id":244,"Name":"Manon","address":"Room 847","mobile":"5324699152","user_id":244,"user_rating":null},
{"id":245,"Name":"Luther","address":"1st Floor","mobile":"2042183873","user_id":245,"user_rating":null},
{"id":246,"Name":"Prinz","address":"Apt 323","mobile":"1185835644","user_id":246,"user_rating":null},
{"id":247,"Name":"Selinda","address":"Suite 15","mobile":"1585917885","user_id":247,"user_rating":null},
{"id":248,"Name":"Dasya","address":"Room 57","mobile":"1681005956","user_id":248,"user_rating":null},
{"id":249,"Name":"Kirby","address":"Room 1277","mobile":"3270797214","user_id":249,"user_rating":null},
{"id":250,"Name":"Adela","address":"4th Floor","mobile":"5925794915","user_id":250,"user_rating":null},
{"id":251,"Name":"Lynsey","address":"PO Box 11121","mobile":"2415437948","user_id":251,"user_rating":null},
{"id":252,"Name":"Dosi","address":"Room 1367","mobile":"2025967977","user_id":252,"user_rating":null},
{"id":253,"Name":"Aguie","address":"Room 222","mobile":"4772228748","user_id":253,"user_rating":null},
{"id":254,"Name":"Cherish","address":"PO Box 64068","mobile":"7267917992","user_id":254,"user_rating":null},
{"id":255,"Name":"Inga","address":"Room 1202","mobile":"1649555601","user_id":255,"user_rating":null},
{"id":256,"Name":"Dionisio","address":"Room 1747","mobile":"9295599357","user_id":256,"user_rating":null},
{"id":257,"Name":"Jilli","address":"Apt 1208","mobile":"2207607453","user_id":257,"user_rating":null},
{"id":258,"Name":"Lib","address":"Suite 56","mobile":"5300520438","user_id":258,"user_rating":null},
{"id":259,"Name":"Devonne","address":"Suite 44","mobile":"8670277131","user_id":259,"user_rating":null},
{"id":260,"Name":"Faunie","address":"Suite 73","mobile":"3672568635","user_id":260,"user_rating":null},
{"id":261,"Name":"Faber","address":"Suite 76","mobile":"6354914923","user_id":261,"user_rating":null},
{"id":262,"Name":"Emmanuel","address":"Room 260","mobile":"0815142390","user_id":262,"user_rating":null},
{"id":263,"Name":"Wilhelmina","address":"17th Floor","mobile":"7236064068","user_id":263,"user_rating":null},
{"id":264,"Name":"Nariko","address":"PO Box 85205","mobile":"2119338345","user_id":264,"user_rating":null},
{"id":265,"Name":"Indira","address":"Apt 1190","mobile":"3419251238","user_id":265,"user_rating":null},
{"id":266,"Name":"Nessie","address":"Apt 985","mobile":"6285064059","user_id":266,"user_rating":null},
{"id":267,"Name":"Evie","address":"Suite 99","mobile":"7752458643","user_id":267,"user_rating":null},
{"id":268,"Name":"Jarrod","address":"Room 883","mobile":"3891508522","user_id":268,"user_rating":null},
{"id":269,"Name":"Salvador","address":"17th Floor","mobile":"2872882081","user_id":269,"user_rating":null},
{"id":270,"Name":"Lani","address":"Suite 55","mobile":"1791001149","user_id":270,"user_rating":null},
{"id":271,"Name":"Aldous","address":"Suite 82","mobile":"9538187547","user_id":271,"user_rating":null},
{"id":272,"Name":"Isobel","address":"Suite 87","mobile":"6418247884","user_id":272,"user_rating":null},
{"id":273,"Name":"Sallee","address":"Apt 1754","mobile":"6097028245","user_id":273,"user_rating":null},
{"id":274,"Name":"Graehme","address":"Apt 1954","mobile":"7978521699","user_id":274,"user_rating":null},
{"id":275,"Name":"Rodney","address":"12th Floor","mobile":"1787700445","user_id":275,"user_rating":null},
{"id":276,"Name":"Jori","address":"Apt 349","mobile":"2008234460","user_id":276,"user_rating":null},
{"id":277,"Name":"Arman","address":"Apt 1673","mobile":"6034622859","user_id":277,"user_rating":null},
{"id":278,"Name":"Consolata","address":"Room 1137","mobile":"3362884857","user_id":278,"user_rating":null},
{"id":279,"Name":"Ally","address":"1st Floor","mobile":"0913629189","user_id":279,"user_rating":null},
{"id":280,"Name":"Catriona","address":"Suite 36","mobile":"1561989819","user_id":280,"user_rating":null},
{"id":281,"Name":"Vikki","address":"10th Floor","mobile":"5119163564","user_id":281,"user_rating":null},
{"id":282,"Name":"Madella","address":"Room 1984","mobile":"5885228132","user_id":282,"user_rating":null},
{"id":283,"Name":"Aleksandr","address":"Room 1230","mobile":"8601451535","user_id":283,"user_rating":null},
{"id":284,"Name":"Cherilynn","address":"Apt 1819","mobile":"3536209920","user_id":284,"user_rating":null},
{"id":285,"Name":"Somerset","address":"Room 1990","mobile":"0642698082","user_id":285,"user_rating":null},
{"id":286,"Name":"Eugenie","address":"Room 863","mobile":"4350667628","user_id":286,"user_rating":null},
{"id":287,"Name":"Allison","address":"PO Box 47370","mobile":"2416038931","user_id":287,"user_rating":null},
{"id":288,"Name":"Marybeth","address":"Apt 1391","mobile":"8781806841","user_id":288,"user_rating":null},
{"id":289,"Name":"Zollie","address":"PO Box 34232","mobile":"1971543004","user_id":289,"user_rating":null},
{"id":290,"Name":"Bo","address":"PO Box 96836","mobile":"1575682419","user_id":290,"user_rating":null},
{"id":291,"Name":"Lyndsay","address":"Room 40","mobile":"8616007695","user_id":291,"user_rating":null},
{"id":292,"Name":"Jan","address":"PO Box 70640","mobile":"2937797105","user_id":292,"user_rating":null},
{"id":293,"Name":"Leontine","address":"PO Box 96221","mobile":"0281491976","user_id":293,"user_rating":null},
{"id":294,"Name":"Charley","address":"11th Floor","mobile":"4009754966","user_id":294,"user_rating":null},
{"id":295,"Name":"Fletcher","address":"PO Box 13882","mobile":"0665944756","user_id":295,"user_rating":null},
{"id":296,"Name":"Ronald","address":"14th Floor","mobile":"0903552582","user_id":296,"user_rating":null},
{"id":297,"Name":"Derril","address":"Suite 42","mobile":"9931721715","user_id":297,"user_rating":null},
{"id":298,"Name":"Tynan","address":"Apt 836","mobile":"1846827876","user_id":298,"user_rating":null},
{"id":299,"Name":"Deeanne","address":"PO Box 99400","mobile":"4523108552","user_id":299,"user_rating":null},
{"id":300,"Name":"Todd","address":"PO Box 22119","mobile":"9794899232","user_id":300,"user_rating":null},
{"id":301,"Name":"Evangeline","address":"Suite 19","mobile":"4718517109","user_id":301,"user_rating":null},
{"id":302,"Name":"Mal","address":"Room 266","mobile":"1368403174","user_id":302,"user_rating":null},
{"id":303,"Name":"Giralda","address":"15th Floor","mobile":"5884943806","user_id":303,"user_rating":null},
{"id":304,"Name":"Emylee","address":"Suite 31","mobile":"7332371197","user_id":304,"user_rating":null},
{"id":305,"Name":"Darin","address":"Room 1338","mobile":"6610709696","user_id":305,"user_rating":null},
{"id":306,"Name":"Lyndsey","address":"Room 1004","mobile":"1735994596","user_id":306,"user_rating":null},
{"id":307,"Name":"Vinny","address":"Room 1368","mobile":"2194833021","user_id":307,"user_rating":null},
{"id":308,"Name":"Iver","address":"Room 888","mobile":"5303704661","user_id":308,"user_rating":null},
{"id":309,"Name":"Inglebert","address":"Room 97","mobile":"4531918908","user_id":309,"user_rating":null},
{"id":310,"Name":"Dimitri","address":"Room 1804","mobile":"2999334818","user_id":310,"user_rating":null},
{"id":311,"Name":"Damara","address":"PO Box 63318","mobile":"9135831030","user_id":311,"user_rating":null},
{"id":312,"Name":"Lyman","address":"Room 711","mobile":"2175690822","user_id":312,"user_rating":null},
{"id":313,"Name":"Mortie","address":"Apt 858","mobile":"3230631862","user_id":313,"user_rating":null},
{"id":314,"Name":"Raina","address":"PO Box 75769","mobile":"5935639343","user_id":314,"user_rating":null},
{"id":315,"Name":"Ambrosi","address":"PO Box 70349","mobile":"4429558930","user_id":315,"user_rating":null},
{"id":316,"Name":"Sven","address":"Room 1129","mobile":"7991727122","user_id":316,"user_rating":null},
{"id":317,"Name":"Johannah","address":"Room 999","mobile":"5191678427","user_id":317,"user_rating":null},
{"id":318,"Name":"Jerrie","address":"PO Box 2270","mobile":"9649052488","user_id":318,"user_rating":null},
{"id":319,"Name":"Holmes","address":"2nd Floor","mobile":"7531877481","user_id":319,"user_rating":null},
{"id":320,"Name":"Greer","address":"PO Box 90409","mobile":"0532751892","user_id":320,"user_rating":null},
{"id":321,"Name":"Elias","address":"Suite 37","mobile":"7009610665","user_id":321,"user_rating":null},
{"id":322,"Name":"Neddy","address":"11th Floor","mobile":"1692659707","user_id":322,"user_rating":null},
{"id":323,"Name":"Almeria","address":"PO Box 37015","mobile":"7610007277","user_id":323,"user_rating":null},
{"id":324,"Name":"Decca","address":"PO Box 40239","mobile":"9202435308","user_id":324,"user_rating":null},
{"id":325,"Name":"Damien","address":"Suite 10","mobile":"1635983630","user_id":325,"user_rating":null},
{"id":326,"Name":"Weider","address":"PO Box 64468","mobile":"3258644276","user_id":326,"user_rating":null},
{"id":327,"Name":"Chrisy","address":"6th Floor","mobile":"7059621555","user_id":327,"user_rating":null},
{"id":328,"Name":"Chen","address":"Suite 81","mobile":"0238125300","user_id":328,"user_rating":null},
{"id":329,"Name":"Christabella","address":"Room 1952","mobile":"0651441080","user_id":329,"user_rating":null},
{"id":330,"Name":"Alfons","address":"Apt 347","mobile":"9064531803","user_id":330,"user_rating":null},
{"id":331,"Name":"Liza","address":"Suite 41","mobile":"7719565045","user_id":331,"user_rating":null},
{"id":332,"Name":"Verena","address":"Apt 385","mobile":"0924378921","user_id":332,"user_rating":null},
{"id":333,"Name":"Prince","address":"10th Floor","mobile":"9860308896","user_id":333,"user_rating":null},
{"id":334,"Name":"Hildegarde","address":"PO Box 99920","mobile":"4233567287","user_id":334,"user_rating":null},
{"id":335,"Name":"Salomon","address":"Room 1861","mobile":"2652841904","user_id":335,"user_rating":null},
{"id":336,"Name":"Donielle","address":"PO Box 15480","mobile":"4894387751","user_id":336,"user_rating":null},
{"id":337,"Name":"Catharina","address":"Apt 810","mobile":"2721896032","user_id":337,"user_rating":null},
{"id":338,"Name":"Stephanus","address":"Apt 63","mobile":"0803118767","user_id":338,"user_rating":null},
{"id":339,"Name":"Sianna","address":"2nd Floor","mobile":"3901300473","user_id":339,"user_rating":null},
{"id":340,"Name":"Daryl","address":"Room 301","mobile":"4908232520","user_id":340,"user_rating":null},
{"id":341,"Name":"Free","address":"2nd Floor","mobile":"6842698197","user_id":341,"user_rating":null},
{"id":342,"Name":"Casi","address":"PO Box 9944","mobile":"3736328206","user_id":342,"user_rating":null},
{"id":343,"Name":"Ole","address":"Suite 13","mobile":"1492554448","user_id":343,"user_rating":null},
{"id":344,"Name":"Temple","address":"PO Box 31864","mobile":"2531368825","user_id":344,"user_rating":null},
{"id":345,"Name":"Hyacinthie","address":"18th Floor","mobile":"2080798170","user_id":345,"user_rating":null},
{"id":346,"Name":"Hetti","address":"PO Box 87709","mobile":"2265056251","user_id":346,"user_rating":null},
{"id":347,"Name":"Cthrine","address":"Room 632","mobile":"6781740741","user_id":347,"user_rating":null},
{"id":348,"Name":"Blancha","address":"PO Box 49473","mobile":"1453324429","user_id":348,"user_rating":null},
{"id":349,"Name":"Robers","address":"Suite 82","mobile":"5534068884","user_id":349,"user_rating":null},
{"id":350,"Name":"Lucilia","address":"PO Box 35236","mobile":"4433758272","user_id":350,"user_rating":null},
{"id":351,"Name":"Gard","address":"PO Box 99459","mobile":"6311644223","user_id":351,"user_rating":null},
{"id":352,"Name":"Elsy","address":"Apt 1592","mobile":"0868042781","user_id":352,"user_rating":null},
{"id":353,"Name":"Bil","address":"Suite 46","mobile":"7430479693","user_id":353,"user_rating":null},
{"id":354,"Name":"Fidelia","address":"Apt 221","mobile":"9331689934","user_id":354,"user_rating":null},
{"id":355,"Name":"Mimi","address":"Room 286","mobile":"8946512024","user_id":355,"user_rating":null},
{"id":356,"Name":"Ali","address":"PO Box 46508","mobile":"4329313472","user_id":356,"user_rating":null},
{"id":357,"Name":"Melvyn","address":"3rd Floor","mobile":"8410877015","user_id":357,"user_rating":null},
{"id":358,"Name":"Tarah","address":"Apt 692","mobile":"3454834015","user_id":358,"user_rating":null},
{"id":359,"Name":"Tracey","address":"13th Floor","mobile":"3830250525","user_id":359,"user_rating":null},
{"id":360,"Name":"Gaylord","address":"4th Floor","mobile":"9318326831","user_id":360,"user_rating":null},
{"id":361,"Name":"Andros","address":"Apt 1345","mobile":"1447012062","user_id":361,"user_rating":null},
{"id":362,"Name":"Perice","address":"PO Box 90735","mobile":"0330107801","user_id":362,"user_rating":null},
{"id":363,"Name":"Che","address":"Apt 336","mobile":"8708568901","user_id":363,"user_rating":null},
{"id":364,"Name":"Beryle","address":"PO Box 98956","mobile":"8773243329","user_id":364,"user_rating":null},
{"id":365,"Name":"Shayla","address":"PO Box 4030","mobile":"7640010225","user_id":365,"user_rating":null},
{"id":366,"Name":"Ruy","address":"Apt 909","mobile":"9309834269","user_id":366,"user_rating":null},
{"id":367,"Name":"Lorri","address":"Apt 658","mobile":"7622924717","user_id":367,"user_rating":null},
{"id":368,"Name":"Abrahan","address":"9th Floor","mobile":"1478887036","user_id":368,"user_rating":null},
{"id":369,"Name":"Robbin","address":"Room 1486","mobile":"4525830174","user_id":369,"user_rating":null},
{"id":370,"Name":"Shirlee","address":"18th Floor","mobile":"1903104688","user_id":370,"user_rating":null},
{"id":371,"Name":"Deanna","address":"Suite 9","mobile":"3302682255","user_id":371,"user_rating":null},
{"id":372,"Name":"Jacquelyn","address":"Room 1592","mobile":"7745924758","user_id":372,"user_rating":null},
{"id":373,"Name":"Curr","address":"Room 1781","mobile":"3628786932","user_id":373,"user_rating":null},
{"id":374,"Name":"Aldridge","address":"Suite 99","mobile":"3938535261","user_id":374,"user_rating":null},
{"id":375,"Name":"Shaylynn","address":"19th Floor","mobile":"6788918546","user_id":375,"user_rating":null},
{"id":376,"Name":"Terrell","address":"13th Floor","mobile":"5444741784","user_id":376,"user_rating":null},
{"id":377,"Name":"Cassy","address":"PO Box 30367","mobile":"0586738428","user_id":377,"user_rating":null},
{"id":378,"Name":"Stephanus","address":"Apt 1566","mobile":"1742806570","user_id":378,"user_rating":null},
{"id":379,"Name":"Andreana","address":"5th Floor","mobile":"3762947945","user_id":379,"user_rating":null},
{"id":380,"Name":"Vi","address":"PO Box 69134","mobile":"8303717391","user_id":380,"user_rating":null},
{"id":381,"Name":"Karlen","address":"Suite 9","mobile":"4648593812","user_id":381,"user_rating":null},
{"id":382,"Name":"Peder","address":"PO Box 65589","mobile":"2273072805","user_id":382,"user_rating":null},
{"id":383,"Name":"Verine","address":"PO Box 90413","mobile":"6791094907","user_id":383,"user_rating":null},
{"id":384,"Name":"Billi","address":"Suite 80","mobile":"0910270554","user_id":384,"user_rating":null},
{"id":385,"Name":"Lusa","address":"Room 1777","mobile":"4516972204","user_id":385,"user_rating":null},
{"id":386,"Name":"Freedman","address":"Room 769","mobile":"9696826869","user_id":386,"user_rating":null},
{"id":387,"Name":"Edwin","address":"14th Floor","mobile":"0858289040","user_id":387,"user_rating":null},
{"id":388,"Name":"Maryjane","address":"PO Box 65023","mobile":"1719003084","user_id":388,"user_rating":null},
{"id":389,"Name":"Dede","address":"9th Floor","mobile":"2322689254","user_id":389,"user_rating":null},
{"id":390,"Name":"Augusta","address":"Room 913","mobile":"7921168337","user_id":390,"user_rating":null},
{"id":391,"Name":"Cornelia","address":"Room 44","mobile":"1333561768","user_id":391,"user_rating":null},
{"id":392,"Name":"Catina","address":"Suite 48","mobile":"5595836881","user_id":392,"user_rating":null},
{"id":393,"Name":"Ellsworth","address":"7th Floor","mobile":"0964466678","user_id":393,"user_rating":null},
{"id":394,"Name":"Brunhilda","address":"Suite 49","mobile":"3233631669","user_id":394,"user_rating":null},
{"id":395,"Name":"Lion","address":"PO Box 44890","mobile":"0471190535","user_id":395,"user_rating":null},
{"id":396,"Name":"Stern","address":"PO Box 27980","mobile":"6237034579","user_id":396,"user_rating":null},
{"id":397,"Name":"Corny","address":"PO Box 36984","mobile":"2674836121","user_id":397,"user_rating":null},
{"id":398,"Name":"Christian","address":"Suite 55","mobile":"8811598303","user_id":398,"user_rating":null},
{"id":399,"Name":"Felice","address":"Room 1458","mobile":"9200207340","user_id":399,"user_rating":null},
{"id":400,"Name":"Alissa","address":"Room 1768","mobile":"5775343727","user_id":400,"user_rating":null},
{"id":401,"Name":"Gloria","address":"Suite 36","mobile":"2342497148","user_id":401,"user_rating":null},
{"id":402,"Name":"Patrick","address":"Suite 11","mobile":"7320852144","user_id":402,"user_rating":null},
{"id":403,"Name":"Shirley","address":"Apt 1386","mobile":"7956677572","user_id":403,"user_rating":null},
{"id":404,"Name":"Martica","address":"Suite 32","mobile":"9398122405","user_id":404,"user_rating":null},
{"id":405,"Name":"Lizbeth","address":"Room 254","mobile":"7179318922","user_id":405,"user_rating":null},
{"id":406,"Name":"Virgie","address":"20th Floor","mobile":"3220301576","user_id":406,"user_rating":null},
{"id":407,"Name":"Reggie","address":"Apt 1619","mobile":"9809881711","user_id":407,"user_rating":null},
{"id":408,"Name":"Francis","address":"Room 980","mobile":"3471449884","user_id":408,"user_rating":null},
{"id":409,"Name":"Cecilla","address":"Apt 83","mobile":"8461886798","user_id":409,"user_rating":null},
{"id":410,"Name":"Raychel","address":"Suite 66","mobile":"9061559723","user_id":410,"user_rating":null},
{"id":411,"Name":"Johnathan","address":"7th Floor","mobile":"8854986623","user_id":411,"user_rating":null},
{"id":412,"Name":"Quinn","address":"Suite 63","mobile":"5772580035","user_id":412,"user_rating":null},
{"id":413,"Name":"Cecile","address":"Suite 34","mobile":"8751643847","user_id":413,"user_rating":null},
{"id":414,"Name":"Nicol","address":"4th Floor","mobile":"2607356962","user_id":414,"user_rating":null},
{"id":415,"Name":"Pauli","address":"6th Floor","mobile":"9898659661","user_id":415,"user_rating":null},
{"id":416,"Name":"Kylie","address":"Suite 44","mobile":"3378844299","user_id":416,"user_rating":null},
{"id":417,"Name":"Dimitry","address":"PO Box 11302","mobile":"3662549395","user_id":417,"user_rating":null},
{"id":418,"Name":"Kimmi","address":"Suite 45","mobile":"3036163794","user_id":418,"user_rating":null},
{"id":419,"Name":"Joni","address":"Suite 62","mobile":"8951719871","user_id":419,"user_rating":null},
{"id":420,"Name":"Brenna","address":"Apt 912","mobile":"8963669599","user_id":420,"user_rating":null},
{"id":421,"Name":"Judye","address":"Suite 61","mobile":"3690497973","user_id":421,"user_rating":null},
{"id":422,"Name":"Cash","address":"Suite 16","mobile":"0268266778","user_id":422,"user_rating":null},
{"id":423,"Name":"Kenton","address":"PO Box 61853","mobile":"1414567618","user_id":423,"user_rating":null},
{"id":424,"Name":"Iolanthe","address":"Suite 90","mobile":"7683660183","user_id":424,"user_rating":null},
{"id":425,"Name":"Marietta","address":"Room 463","mobile":"3911446381","user_id":425,"user_rating":null},
{"id":426,"Name":"Niki","address":"PO Box 21829","mobile":"3495725504","user_id":426,"user_rating":null},
{"id":427,"Name":"Clint","address":"Suite 94","mobile":"2117849962","user_id":427,"user_rating":null},
{"id":428,"Name":"Rayner","address":"1st Floor","mobile":"8997294490","user_id":428,"user_rating":null},
{"id":429,"Name":"Marylee","address":"Apt 1032","mobile":"5441092483","user_id":429,"user_rating":null},
{"id":430,"Name":"Johanna","address":"Room 670","mobile":"0305228056","user_id":430,"user_rating":null},
{"id":431,"Name":"Janessa","address":"PO Box 11725","mobile":"8502181394","user_id":431,"user_rating":null},
{"id":432,"Name":"Ricard","address":"Room 583","mobile":"3034395868","user_id":432,"user_rating":null},
{"id":433,"Name":"Rhodie","address":"Suite 49","mobile":"4353963767","user_id":433,"user_rating":null},
{"id":434,"Name":"Salem","address":"Room 1102","mobile":"7151922221","user_id":434,"user_rating":null},
{"id":435,"Name":"Debor","address":"PO Box 45206","mobile":"8814976694","user_id":435,"user_rating":null},
{"id":436,"Name":"Jerrome","address":"Room 626","mobile":"7461463527","user_id":436,"user_rating":null},
{"id":437,"Name":"Matt","address":"Room 1936","mobile":"8555539080","user_id":437,"user_rating":null},
{"id":438,"Name":"Fran","address":"PO Box 35658","mobile":"8474582598","user_id":438,"user_rating":null},
{"id":439,"Name":"Mikol","address":"12th Floor","mobile":"1765404428","user_id":439,"user_rating":null},
{"id":440,"Name":"Natty","address":"PO Box 35515","mobile":"3368212664","user_id":440,"user_rating":null},
{"id":441,"Name":"Benedikt","address":"Apt 1349","mobile":"6865065964","user_id":441,"user_rating":null},
{"id":442,"Name":"Merrilee","address":"Suite 71","mobile":"7578264370","user_id":442,"user_rating":null},
{"id":443,"Name":"Winifield","address":"Suite 11","mobile":"1279878932","user_id":443,"user_rating":null},
{"id":444,"Name":"Bartolemo","address":"PO Box 16083","mobile":"8367604156","user_id":444,"user_rating":null},
{"id":445,"Name":"Carmelia","address":"19th Floor","mobile":"9759181371","user_id":445,"user_rating":null},
{"id":446,"Name":"Ilario","address":"14th Floor","mobile":"1199847615","user_id":446,"user_rating":null},
{"id":447,"Name":"Ivie","address":"3rd Floor","mobile":"2138319830","user_id":447,"user_rating":null},
{"id":448,"Name":"Cathrine","address":"Room 1426","mobile":"7348912338","user_id":448,"user_rating":null},
{"id":449,"Name":"Anabal","address":"Suite 65","mobile":"6790524851","user_id":449,"user_rating":null},
{"id":450,"Name":"Shina","address":"Suite 59","mobile":"7523179592","user_id":450,"user_rating":null},
{"id":451,"Name":"Abraham","address":"Apt 1019","mobile":"9772279509","user_id":451,"user_rating":null},
{"id":452,"Name":"Elliott","address":"14th Floor","mobile":"3494572313","user_id":452,"user_rating":null},
{"id":453,"Name":"Lorettalorna","address":"Room 874","mobile":"3921972736","user_id":453,"user_rating":null},
{"id":454,"Name":"Coletta","address":"Suite 23","mobile":"5944984635","user_id":454,"user_rating":null},
{"id":455,"Name":"Yul","address":"7th Floor","mobile":"1464382298","user_id":455,"user_rating":null},
{"id":456,"Name":"Abby","address":"PO Box 6407","mobile":"0583125018","user_id":456,"user_rating":null},
{"id":457,"Name":"Jeffie","address":"Apt 491","mobile":"7361387691","user_id":457,"user_rating":null},
{"id":458,"Name":"Tedmund","address":"Room 1194","mobile":"4633795457","user_id":458,"user_rating":null},
{"id":459,"Name":"Eartha","address":"Room 278","mobile":"6072378528","user_id":459,"user_rating":null},
{"id":460,"Name":"Devonna","address":"PO Box 76168","mobile":"2305168594","user_id":460,"user_rating":null},
{"id":461,"Name":"Noreen","address":"Suite 11","mobile":"7282186340","user_id":461,"user_rating":null},
{"id":462,"Name":"Donelle","address":"PO Box 52684","mobile":"9903651058","user_id":462,"user_rating":null},
{"id":463,"Name":"Allison","address":"Suite 78","mobile":"6665968561","user_id":463,"user_rating":null},
{"id":464,"Name":"Opaline","address":"Room 1370","mobile":"8564158124","user_id":464,"user_rating":null},
{"id":465,"Name":"Stern","address":"Room 659","mobile":"7285270989","user_id":465,"user_rating":null},
{"id":466,"Name":"Chen","address":"2nd Floor","mobile":"5585115073","user_id":466,"user_rating":null},
{"id":467,"Name":"Kial","address":"PO Box 34825","mobile":"4789511634","user_id":467,"user_rating":null},
{"id":468,"Name":"Melloney","address":"PO Box 26571","mobile":"5921257559","user_id":468,"user_rating":null},
{"id":469,"Name":"Graeme","address":"Suite 7","mobile":"7523298656","user_id":469,"user_rating":null},
{"id":470,"Name":"Alexa","address":"Apt 142","mobile":"8447593525","user_id":470,"user_rating":null},
{"id":471,"Name":"Keriann","address":"Suite 45","mobile":"6692502136","user_id":471,"user_rating":null},
{"id":472,"Name":"Tiffany","address":"PO Box 51453","mobile":"1316309045","user_id":472,"user_rating":null},
{"id":473,"Name":"Olenolin","address":"PO Box 6941","mobile":"5232050257","user_id":473,"user_rating":null},
{"id":474,"Name":"Christy","address":"Apt 527","mobile":"7442299857","user_id":474,"user_rating":null},
{"id":475,"Name":"Rosana","address":"6th Floor","mobile":"2334470201","user_id":475,"user_rating":null},
{"id":476,"Name":"Selby","address":"Apt 74","mobile":"9567579202","user_id":476,"user_rating":null},
{"id":477,"Name":"Otis","address":"15th Floor","mobile":"4757499620","user_id":477,"user_rating":null},
{"id":478,"Name":"Hilde","address":"Room 124","mobile":"0091643449","user_id":478,"user_rating":null},
{"id":479,"Name":"Marin","address":"Room 1710","mobile":"7273266922","user_id":479,"user_rating":null},
{"id":480,"Name":"Ralph","address":"Apt 1749","mobile":"3059485704","user_id":480,"user_rating":null},
{"id":481,"Name":"Bron","address":"Apt 87","mobile":"1152981439","user_id":481,"user_rating":null},
{"id":482,"Name":"Corabella","address":"Suite 97","mobile":"4054154034","user_id":482,"user_rating":null},
{"id":483,"Name":"Bordy","address":"PO Box 93778","mobile":"5327058328","user_id":483,"user_rating":null},
{"id":484,"Name":"Demeter","address":"Suite 12","mobile":"1214366732","user_id":484,"user_rating":null},
{"id":485,"Name":"Gordy","address":"Room 141","mobile":"7142059265","user_id":485,"user_rating":null},
{"id":486,"Name":"Kimberli","address":"Room 1739","mobile":"4084663921","user_id":486,"user_rating":null},
{"id":487,"Name":"Dorris","address":"Apt 1814","mobile":"6911097002","user_id":487,"user_rating":null},
{"id":488,"Name":"George","address":"Apt 1781","mobile":"0217172393","user_id":488,"user_rating":null},
{"id":489,"Name":"Essie","address":"13th Floor","mobile":"3570965244","user_id":489,"user_rating":null},
{"id":490,"Name":"Worden","address":"PO Box 39432","mobile":"7287982714","user_id":490,"user_rating":null},
{"id":491,"Name":"Banky","address":"PO Box 85571","mobile":"4812872197","user_id":491,"user_rating":null},
{"id":492,"Name":"Lacy","address":"14th Floor","mobile":"8148385475","user_id":492,"user_rating":null},
{"id":493,"Name":"Caryl","address":"Room 978","mobile":"3994154316","user_id":493,"user_rating":null},
{"id":494,"Name":"Jeramie","address":"Suite 31","mobile":"1276877390","user_id":494,"user_rating":null},
{"id":495,"Name":"Darell","address":"Room 1873","mobile":"0137029268","user_id":495,"user_rating":null},
{"id":496,"Name":"Daryn","address":"Suite 94","mobile":"4693273155","user_id":496,"user_rating":null},
{"id":497,"Name":"Heywood","address":"Room 1390","mobile":"7355840274","user_id":497,"user_rating":null},
{"id":498,"Name":"Durante","address":"Apt 48","mobile":"1760264571","user_id":498,"user_rating":null},
{"id":499,"Name":"Nathanial","address":"Suite 24","mobile":"8972499285","user_id":499,"user_rating":null},
{"id":500,"Name":"Cale","address":"Room 1046","mobile":"5781593950","user_id":500,"user_rating":null}]